K,Threads,CPU_Util_%,mAP,mAP_50,mAP_75,Avg_Time_s,Avg_Power_W,Avg_Energy_J,Total_Time_s,Total_Energy_J,Num_Predictions
NOTE! Installing ujson may make loading annotations faster.
Loading model K=5, threads=1...
Load PResNet50 state_dict
Loading COCO dataset...
Loading annotations into memory...
Done (t=0.19s)
Creating index...
index created!
Processing 1000 images...
  Progress: 0/1000 images...
  Progress: 100/1000 images...
  Progress: 200/1000 images...
  Progress: 300/1000 images...
  Progress: 400/1000 images...
  Progress: 500/1000 images...
  Progress: 600/1000 images...
  Progress: 700/1000 images...
  Progress: 800/1000 images...
  Progress: 900/1000 images...
Calculating mAP...
Loading and preparing results...
DONE (t=0.00s)
Creating index...
index created!
Running per image evaluation...
Evaluate annotation type *bbox*
DONE (t=0.67s).
Accumulating evaluation results...
DONE (t=0.24s).
 Average Precision  (AP) @[ IoU=0.50:0.95 | area=   all | maxDets=100 ] = 0.36179
 Average Precision  (AP) @[ IoU=0.50      | area=   all | maxDets=100 ] = 0.45525
 Average Precision  (AP) @[ IoU=0.75      | area=   all | maxDets=100 ] = 0.39905
 Average Precision  (AP) @[ IoU=0.50:0.95 | area= small | maxDets=100 ] = 0.13074
 Average Precision  (AP) @[ IoU=0.50:0.95 | area=medium | maxDets=100 ] = 0.42344
 Average Precision  (AP) @[ IoU=0.50:0.95 | area= large | maxDets=100 ] = 0.57626
 Average Recall     (AR) @[ IoU=0.50:0.95 | area=   all | maxDets=  1 ] = 0.30925
 Average Recall     (AR) @[ IoU=0.50:0.95 | area=   all | maxDets= 10 ] = 0.40603
 Average Recall     (AR) @[ IoU=0.50:0.95 | area=   all | maxDets=100 ] = 0.40603
 Average Recall     (AR) @[ IoU=0.50:0.95 | area= small | maxDets=100 ] = 0.13614
 Average Recall     (AR) @[ IoU=0.50:0.95 | area=medium | maxDets=100 ] = 0.46498
 Average Recall     (AR) @[ IoU=0.50:0.95 | area= large | maxDets=100 ] = 0.64367
5,1,10.0,0.3618,0.4552,0.3991,1.5355,15.00,23.03,1535.51,23031.32,4998
NOTE! Installing ujson may make loading annotations faster.
Loading model K=10, threads=1...
Load PResNet50 state_dict
Loading COCO dataset...
Loading annotations into memory...
Done (t=0.18s)
Creating index...
index created!
Processing 1000 images...
  Progress: 0/1000 images...
  Progress: 100/1000 images...
  Progress: 200/1000 images...
  Progress: 300/1000 images...
  Progress: 400/1000 images...
  Progress: 500/1000 images...
  Progress: 600/1000 images...
  Progress: 700/1000 images...
  Progress: 800/1000 images...
  Progress: 900/1000 images...
Calculating mAP...
Loading and preparing results...
DONE (t=0.01s)
Creating index...
index created!
Running per image evaluation...
Evaluate annotation type *bbox*
DONE (t=0.94s).
Accumulating evaluation results...
DONE (t=0.31s).
 Average Precision  (AP) @[ IoU=0.50:0.95 | area=   all | maxDets=100 ] = 0.44004
 Average Precision  (AP) @[ IoU=0.50      | area=   all | maxDets=100 ] = 0.56694
 Average Precision  (AP) @[ IoU=0.75      | area=   all | maxDets=100 ] = 0.48678
 Average Precision  (AP) @[ IoU=0.50:0.95 | area= small | maxDets=100 ] = 0.22977
 Average Precision  (AP) @[ IoU=0.50:0.95 | area=medium | maxDets=100 ] = 0.51823
 Average Precision  (AP) @[ IoU=0.50:0.95 | area= large | maxDets=100 ] = 0.61945
 Average Recall     (AR) @[ IoU=0.50:0.95 | area=   all | maxDets=  1 ] = 0.35177
 Average Recall     (AR) @[ IoU=0.50:0.95 | area=   all | maxDets= 10 ] = 0.51451
 Average Recall     (AR) @[ IoU=0.50:0.95 | area=   all | maxDets=100 ] = 0.51451
 Average Recall     (AR) @[ IoU=0.50:0.95 | area= small | maxDets=100 ] = 0.25431
 Average Recall     (AR) @[ IoU=0.50:0.95 | area=medium | maxDets=100 ] = 0.59214
 Average Recall     (AR) @[ IoU=0.50:0.95 | area= large | maxDets=100 ] = 0.71631
10,1,10.0,0.4400,0.5669,0.4868,1.5269,15.00,22.90,1526.86,22901.96,9998
NOTE! Installing ujson may make loading annotations faster.
Loading model K=15, threads=1...
Load PResNet50 state_dict
Loading COCO dataset...
Loading annotations into memory...
Done (t=0.18s)
Creating index...
index created!
Processing 1000 images...
  Progress: 0/1000 images...
  Progress: 100/1000 images...
  Progress: 200/1000 images...
  Progress: 300/1000 images...
  Progress: 400/1000 images...
  Progress: 500/1000 images...
  Progress: 600/1000 images...
  Progress: 700/1000 images...
  Progress: 800/1000 images...
  Progress: 900/1000 images...
Calculating mAP...
Loading and preparing results...
DONE (t=0.01s)
Creating index...
index created!
Running per image evaluation...
Evaluate annotation type *bbox*
DONE (t=1.09s).
Accumulating evaluation results...
DONE (t=0.31s).
 Average Precision  (AP) @[ IoU=0.50:0.95 | area=   all | maxDets=100 ] = 0.46837
 Average Precision  (AP) @[ IoU=0.50      | area=   all | maxDets=100 ] = 0.61271
 Average Precision  (AP) @[ IoU=0.75      | area=   all | maxDets=100 ] = 0.51574
 Average Precision  (AP) @[ IoU=0.50:0.95 | area= small | maxDets=100 ] = 0.27264
 Average Precision  (AP) @[ IoU=0.50:0.95 | area=medium | maxDets=100 ] = 0.54524
 Average Precision  (AP) @[ IoU=0.50:0.95 | area= large | maxDets=100 ] = 0.63322
 Average Recall     (AR) @[ IoU=0.50:0.95 | area=   all | maxDets=  1 ] = 0.36234
 Average Recall     (AR) @[ IoU=0.50:0.95 | area=   all | maxDets= 10 ] = 0.55286
 Average Recall     (AR) @[ IoU=0.50:0.95 | area=   all | maxDets=100 ] = 0.55562
 Average Recall     (AR) @[ IoU=0.50:0.95 | area= small | maxDets=100 ] = 0.31312
 Average Recall     (AR) @[ IoU=0.50:0.95 | area=medium | maxDets=100 ] = 0.63392
 Average Recall     (AR) @[ IoU=0.50:0.95 | area= large | maxDets=100 ] = 0.73691
15,1,10.0,0.4684,0.6127,0.5157,1.8034,15.00,27.05,1803.37,27052.35,14997
NOTE! Installing ujson may make loading annotations faster.
Loading model K=20, threads=1...
Load PResNet50 state_dict
Loading COCO dataset...
Loading annotations into memory...
Done (t=0.16s)
Creating index...
index created!
Processing 1000 images...
  Progress: 0/1000 images...
  Progress: 100/1000 images...
  Progress: 200/1000 images...
  Progress: 300/1000 images...
  Progress: 400/1000 images...
  Progress: 500/1000 images...
  Progress: 600/1000 images...
  Progress: 700/1000 images...
  Progress: 800/1000 images...
  Progress: 900/1000 images...
Calculating mAP...
Loading and preparing results...
DONE (t=0.01s)
Creating index...
index created!
Running per image evaluation...
Evaluate annotation type *bbox*
DONE (t=1.14s).
Accumulating evaluation results...
DONE (t=0.35s).
 Average Precision  (AP) @[ IoU=0.50:0.95 | area=   all | maxDets=100 ] = 0.48726
 Average Precision  (AP) @[ IoU=0.50      | area=   all | maxDets=100 ] = 0.64131
 Average Precision  (AP) @[ IoU=0.75      | area=   all | maxDets=100 ] = 0.53528
 Average Precision  (AP) @[ IoU=0.50:0.95 | area= small | maxDets=100 ] = 0.29559
 Average Precision  (AP) @[ IoU=0.50:0.95 | area=medium | maxDets=100 ] = 0.56585
 Average Precision  (AP) @[ IoU=0.50:0.95 | area= large | maxDets=100 ] = 0.64603
 Average Recall     (AR) @[ IoU=0.50:0.95 | area=   all | maxDets=  1 ] = 0.37096
 Average Recall     (AR) @[ IoU=0.50:0.95 | area=   all | maxDets= 10 ] = 0.57651
 Average Recall     (AR) @[ IoU=0.50:0.95 | area=   all | maxDets=100 ] = 0.58314
 Average Recall     (AR) @[ IoU=0.50:0.95 | area= small | maxDets=100 ] = 0.34886
 Average Recall     (AR) @[ IoU=0.50:0.95 | area=medium | maxDets=100 ] = 0.66293
 Average Recall     (AR) @[ IoU=0.50:0.95 | area= large | maxDets=100 ] = 0.75446
20,1,10.0,0.4873,0.6413,0.5353,1.4849,15.00,22.27,1484.86,22273.01,19990
NOTE! Installing ujson may make loading annotations faster.
Loading model K=25, threads=2...
Load PResNet50 state_dict
Loading COCO dataset...
Loading annotations into memory...
Done (t=0.18s)
Creating index...
index created!
Processing 1000 images...
  Progress: 0/1000 images...
  Progress: 100/1000 images...
  Progress: 200/1000 images...
  Progress: 300/1000 images...
  Progress: 400/1000 images...
  Progress: 500/1000 images...
  Progress: 600/1000 images...
  Progress: 700/1000 images...
  Progress: 800/1000 images...
  Progress: 900/1000 images...
Calculating mAP...
Loading and preparing results...
DONE (t=0.01s)
Creating index...
index created!
Running per image evaluation...
Evaluate annotation type *bbox*
DONE (t=1.31s).
Accumulating evaluation results...
DONE (t=0.37s).
 Average Precision  (AP) @[ IoU=0.50:0.95 | area=   all | maxDets=100 ] = 0.49832
 Average Precision  (AP) @[ IoU=0.50      | area=   all | maxDets=100 ] = 0.65829
 Average Precision  (AP) @[ IoU=0.75      | area=   all | maxDets=100 ] = 0.54919
 Average Precision  (AP) @[ IoU=0.50:0.95 | area= small | maxDets=100 ] = 0.30950
 Average Precision  (AP) @[ IoU=0.50:0.95 | area=medium | maxDets=100 ] = 0.57250
 Average Precision  (AP) @[ IoU=0.50:0.95 | area= large | maxDets=100 ] = 0.65799
 Average Recall     (AR) @[ IoU=0.50:0.95 | area=   all | maxDets=  1 ] = 0.37662
 Average Recall     (AR) @[ IoU=0.50:0.95 | area=   all | maxDets= 10 ] = 0.59347
 Average Recall     (AR) @[ IoU=0.50:0.95 | area=   all | maxDets=100 ] = 0.60426
 Average Recall     (AR) @[ IoU=0.50:0.95 | area= small | maxDets=100 ] = 0.37570
 Average Recall     (AR) @[ IoU=0.50:0.95 | area=medium | maxDets=100 ] = 0.67573
 Average Recall     (AR) @[ IoU=0.50:0.95 | area= large | maxDets=100 ] = 0.76816
25,2,19.9,0.4983,0.6583,0.5492,0.8689,29.79,25.88,868.95,25882.00,24974
NOTE! Installing ujson may make loading annotations faster.
Loading model K=30, threads=2...
Load PResNet50 state_dict
Loading COCO dataset...
Loading annotations into memory...
Done (t=0.15s)
Creating index...
index created!
Processing 1000 images...
  Progress: 0/1000 images...
  Progress: 100/1000 images...
  Progress: 200/1000 images...
  Progress: 300/1000 images...
  Progress: 400/1000 images...
  Progress: 500/1000 images...
  Progress: 600/1000 images...
  Progress: 700/1000 images...
  Progress: 800/1000 images...
  Progress: 900/1000 images...
Calculating mAP...
Loading and preparing results...
DONE (t=0.02s)
Creating index...
index created!
Running per image evaluation...
Evaluate annotation type *bbox*
DONE (t=1.48s).
Accumulating evaluation results...
DONE (t=0.40s).
 Average Precision  (AP) @[ IoU=0.50:0.95 | area=   all | maxDets=100 ] = 0.50689
 Average Precision  (AP) @[ IoU=0.50      | area=   all | maxDets=100 ] = 0.67107
 Average Precision  (AP) @[ IoU=0.75      | area=   all | maxDets=100 ] = 0.55751
 Average Precision  (AP) @[ IoU=0.50:0.95 | area= small | maxDets=100 ] = 0.32616
 Average Precision  (AP) @[ IoU=0.50:0.95 | area=medium | maxDets=100 ] = 0.58173
 Average Precision  (AP) @[ IoU=0.50:0.95 | area= large | maxDets=100 ] = 0.66491
 Average Recall     (AR) @[ IoU=0.50:0.95 | area=   all | maxDets=  1 ] = 0.38118
 Average Recall     (AR) @[ IoU=0.50:0.95 | area=   all | maxDets= 10 ] = 0.60446
 Average Recall     (AR) @[ IoU=0.50:0.95 | area=   all | maxDets=100 ] = 0.61849
 Average Recall     (AR) @[ IoU=0.50:0.95 | area= small | maxDets=100 ] = 0.40411
 Average Recall     (AR) @[ IoU=0.50:0.95 | area=medium | maxDets=100 ] = 0.69571
 Average Recall     (AR) @[ IoU=0.50:0.95 | area= large | maxDets=100 ] = 0.77658
30,2,19.9,0.5069,0.6711,0.5575,0.9275,29.79,27.63,927.48,27626.95,29931
NOTE! Installing ujson may make loading annotations faster.
Loading model K=40, threads=2...
Load PResNet50 state_dict
Loading COCO dataset...
Loading annotations into memory...
Done (t=0.17s)
Creating index...
index created!
Processing 1000 images...
  Progress: 0/1000 images...
  Progress: 100/1000 images...
  Progress: 200/1000 images...
  Progress: 300/1000 images...
  Progress: 400/1000 images...
  Progress: 500/1000 images...
  Progress: 600/1000 images...
  Progress: 700/1000 images...
  Progress: 800/1000 images...
  Progress: 900/1000 images...
Calculating mAP...
Loading and preparing results...
DONE (t=0.29s)
Creating index...
index created!
Running per image evaluation...
Evaluate annotation type *bbox*
DONE (t=1.89s).
Accumulating evaluation results...
DONE (t=0.50s).
 Average Precision  (AP) @[ IoU=0.50:0.95 | area=   all | maxDets=100 ] = 0.51820
 Average Precision  (AP) @[ IoU=0.50      | area=   all | maxDets=100 ] = 0.68642
 Average Precision  (AP) @[ IoU=0.75      | area=   all | maxDets=100 ] = 0.56952
 Average Precision  (AP) @[ IoU=0.50:0.95 | area= small | maxDets=100 ] = 0.33747
 Average Precision  (AP) @[ IoU=0.50:0.95 | area=medium | maxDets=100 ] = 0.58923
 Average Precision  (AP) @[ IoU=0.50:0.95 | area= large | maxDets=100 ] = 0.67202
 Average Recall     (AR) @[ IoU=0.50:0.95 | area=   all | maxDets=  1 ] = 0.38376
 Average Recall     (AR) @[ IoU=0.50:0.95 | area=   all | maxDets= 10 ] = 0.62117
 Average Recall     (AR) @[ IoU=0.50:0.95 | area=   all | maxDets=100 ] = 0.64053
 Average Recall     (AR) @[ IoU=0.50:0.95 | area= small | maxDets=100 ] = 0.43442
 Average Recall     (AR) @[ IoU=0.50:0.95 | area=medium | maxDets=100 ] = 0.71326
 Average Recall     (AR) @[ IoU=0.50:0.95 | area= large | maxDets=100 ] = 0.79093
40,2,19.9,0.5182,0.6864,0.5695,1.3632,29.81,40.63,1363.21,40633.12,39814
NOTE! Installing ujson may make loading annotations faster.
Loading model K=50, threads=2...
Load PResNet50 state_dict
Loading COCO dataset...
Loading annotations into memory...
Done (t=0.17s)
Creating index...
index created!
Processing 1000 images...
  Progress: 0/1000 images...
  Progress: 100/1000 images...
  Progress: 200/1000 images...
  Progress: 300/1000 images...
  Progress: 400/1000 images...
  Progress: 500/1000 images...
  Progress: 600/1000 images...
  Progress: 700/1000 images...
  Progress: 800/1000 images...
  Progress: 900/1000 images...
Calculating mAP...
Loading and preparing results...
DONE (t=0.21s)
Creating index...
index created!
Running per image evaluation...
Evaluate annotation type *bbox*
DONE (t=1.79s).
Accumulating evaluation results...
DONE (t=0.54s).
 Average Precision  (AP) @[ IoU=0.50:0.95 | area=   all | maxDets=100 ] = 0.52459
 Average Precision  (AP) @[ IoU=0.50      | area=   all | maxDets=100 ] = 0.69476
 Average Precision  (AP) @[ IoU=0.75      | area=   all | maxDets=100 ] = 0.57535
 Average Precision  (AP) @[ IoU=0.50:0.95 | area= small | maxDets=100 ] = 0.34825
 Average Precision  (AP) @[ IoU=0.50:0.95 | area=medium | maxDets=100 ] = 0.59472
 Average Precision  (AP) @[ IoU=0.50:0.95 | area= large | maxDets=100 ] = 0.67667
 Average Recall     (AR) @[ IoU=0.50:0.95 | area=   all | maxDets=  1 ] = 0.38469
 Average Recall     (AR) @[ IoU=0.50:0.95 | area=   all | maxDets= 10 ] = 0.62887
 Average Recall     (AR) @[ IoU=0.50:0.95 | area=   all | maxDets=100 ] = 0.65270
 Average Recall     (AR) @[ IoU=0.50:0.95 | area= small | maxDets=100 ] = 0.45287
 Average Recall     (AR) @[ IoU=0.50:0.95 | area=medium | maxDets=100 ] = 0.72141
 Average Recall     (AR) @[ IoU=0.50:0.95 | area= large | maxDets=100 ] = 0.80126
50,2,19.9,0.5246,0.6948,0.5754,1.4333,29.78,42.69,1433.29,42686.15,49647
NOTE! Installing ujson may make loading annotations faster.
Loading model K=100, threads=3...
Load PResNet50 state_dict
Loading COCO dataset...
Loading annotations into memory...
Done (t=0.21s)
Creating index...
index created!
Processing 1000 images...
  Progress: 0/1000 images...
  Progress: 100/1000 images...
  Progress: 200/1000 images...
  Progress: 300/1000 images...
  Progress: 400/1000 images...
  Progress: 500/1000 images...
  Progress: 600/1000 images...
  Progress: 700/1000 images...
  Progress: 800/1000 images...
  Progress: 900/1000 images...
Calculating mAP...
Loading and preparing results...
DONE (t=0.17s)
Creating index...
index created!
Running per image evaluation...
Evaluate annotation type *bbox*
DONE (t=2.69s).
Accumulating evaluation results...
DONE (t=0.73s).
 Average Precision  (AP) @[ IoU=0.50:0.95 | area=   all | maxDets=100 ] = 0.53859
 Average Precision  (AP) @[ IoU=0.50      | area=   all | maxDets=100 ] = 0.71626
 Average Precision  (AP) @[ IoU=0.75      | area=   all | maxDets=100 ] = 0.59110
 Average Precision  (AP) @[ IoU=0.50:0.95 | area= small | maxDets=100 ] = 0.36791
 Average Precision  (AP) @[ IoU=0.50:0.95 | area=medium | maxDets=100 ] = 0.60689
 Average Precision  (AP) @[ IoU=0.50:0.95 | area= large | maxDets=100 ] = 0.68816
 Average Recall     (AR) @[ IoU=0.50:0.95 | area=   all | maxDets=  1 ] = 0.38714
 Average Recall     (AR) @[ IoU=0.50:0.95 | area=   all | maxDets= 10 ] = 0.65019
 Average Recall     (AR) @[ IoU=0.50:0.95 | area=   all | maxDets=100 ] = 0.68840
 Average Recall     (AR) @[ IoU=0.50:0.95 | area= small | maxDets=100 ] = 0.50264
 Average Recall     (AR) @[ IoU=0.50:0.95 | area=medium | maxDets=100 ] = 0.75654
 Average Recall     (AR) @[ IoU=0.50:0.95 | area= large | maxDets=100 ] = 0.82705
100,3,29.4,0.5386,0.7163,0.5911,0.6477,44.05,28.53,647.71,28531.92,97937
NOTE! Installing ujson may make loading annotations faster.
Loading model K=200, threads=4...
Load PResNet50 state_dict
Loading COCO dataset...
Loading annotations into memory...
Done (t=0.15s)
Creating index...
index created!
Processing 1000 images...
  Progress: 0/1000 images...
  Progress: 100/1000 images...
  Progress: 200/1000 images...
  Progress: 300/1000 images...
  Progress: 400/1000 images...
  Progress: 500/1000 images...
  Progress: 600/1000 images...
  Progress: 700/1000 images...
  Progress: 800/1000 images...
  Progress: 900/1000 images...
Calculating mAP...
Loading and preparing results...
DONE (t=0.26s)
Creating index...
index created!
Running per image evaluation...
Evaluate annotation type *bbox*
DONE (t=4.08s).
Accumulating evaluation results...
DONE (t=1.00s).
 Average Precision  (AP) @[ IoU=0.50:0.95 | area=   all | maxDets=100 ] = 0.54554
 Average Precision  (AP) @[ IoU=0.50      | area=   all | maxDets=100 ] = 0.72579
 Average Precision  (AP) @[ IoU=0.75      | area=   all | maxDets=100 ] = 0.60029
 Average Precision  (AP) @[ IoU=0.50:0.95 | area= small | maxDets=100 ] = 0.37798
 Average Precision  (AP) @[ IoU=0.50:0.95 | area=medium | maxDets=100 ] = 0.61406
 Average Precision  (AP) @[ IoU=0.50:0.95 | area= large | maxDets=100 ] = 0.69097
 Average Recall     (AR) @[ IoU=0.50:0.95 | area=   all | maxDets=  1 ] = 0.38902
 Average Recall     (AR) @[ IoU=0.50:0.95 | area=   all | maxDets= 10 ] = 0.66098
 Average Recall     (AR) @[ IoU=0.50:0.95 | area=   all | maxDets=100 ] = 0.72162
 Average Recall     (AR) @[ IoU=0.50:0.95 | area= small | maxDets=100 ] = 0.54320
 Average Recall     (AR) @[ IoU=0.50:0.95 | area=medium | maxDets=100 ] = 0.78741
 Average Recall     (AR) @[ IoU=0.50:0.95 | area= large | maxDets=100 ] = 0.84548
200,4,38.3,0.5455,0.7258,0.6003,0.6412,57.41,36.81,641.19,36810.50,191171
NOTE! Installing ujson may make loading annotations faster.
Loading model K=300, threads=6...
Load PResNet50 state_dict
Loading COCO dataset...
Loading annotations into memory...
Done (t=0.17s)
Creating index...
index created!
Processing 1000 images...
  Progress: 0/1000 images...
  Progress: 100/1000 images...
  Progress: 200/1000 images...
  Progress: 300/1000 images...
  Progress: 400/1000 images...
  Progress: 500/1000 images...
  Progress: 600/1000 images...
  Progress: 700/1000 images...
  Progress: 800/1000 images...
  Progress: 900/1000 images...
Calculating mAP...
Loading and preparing results...
DONE (t=0.35s)
Creating index...
index created!
Running per image evaluation...
Evaluate annotation type *bbox*
DONE (t=5.20s).
Accumulating evaluation results...
DONE (t=1.29s).
 Average Precision  (AP) @[ IoU=0.50:0.95 | area=   all | maxDets=100 ] = 0.54720
 Average Precision  (AP) @[ IoU=0.50      | area=   all | maxDets=100 ] = 0.72791
 Average Precision  (AP) @[ IoU=0.75      | area=   all | maxDets=100 ] = 0.60112
 Average Precision  (AP) @[ IoU=0.50:0.95 | area= small | maxDets=100 ] = 0.38247
 Average Precision  (AP) @[ IoU=0.50:0.95 | area=medium | maxDets=100 ] = 0.61457
 Average Precision  (AP) @[ IoU=0.50:0.95 | area= large | maxDets=100 ] = 0.69194
 Average Recall     (AR) @[ IoU=0.50:0.95 | area=   all | maxDets=  1 ] = 0.38982
 Average Recall     (AR) @[ IoU=0.50:0.95 | area=   all | maxDets= 10 ] = 0.66519
 Average Recall     (AR) @[ IoU=0.50:0.95 | area=   all | maxDets=100 ] = 0.73432
 Average Recall     (AR) @[ IoU=0.50:0.95 | area= small | maxDets=100 ] = 0.56316
 Average Recall     (AR) @[ IoU=0.50:0.95 | area=medium | maxDets=100 ] = 0.79448
 Average Recall     (AR) @[ IoU=0.50:0.95 | area= large | maxDets=100 ] = 0.85535
300,6,55.3,0.5472,0.7279,0.6011,0.7277,82.91,60.33,727.67,60334.39,281170
NOTE! Installing ujson may make loading annotations faster.
Loading model K=500, threads=8...
Load PResNet50 state_dict
Loading COCO dataset...
Loading annotations into memory...
Done (t=0.16s)
Creating index...
index created!
Processing 1000 images...
  Progress: 0/1000 images...
  Progress: 100/1000 images...
  Progress: 200/1000 images...
  Progress: 300/1000 images...
  Progress: 400/1000 images...
  Progress: 500/1000 images...
  Progress: 600/1000 images...
  Progress: 700/1000 images...
  Progress: 800/1000 images...
  Progress: 900/1000 images...
Calculating mAP...
Loading and preparing results...
DONE (t=0.72s)
Creating index...
index created!
Running per image evaluation...
Evaluate annotation type *bbox*
DONE (t=5.95s).
Accumulating evaluation results...
DONE (t=1.64s).
 Average Precision  (AP) @[ IoU=0.50:0.95 | area=   all | maxDets=100 ] = 0.54780
 Average Precision  (AP) @[ IoU=0.50      | area=   all | maxDets=100 ] = 0.72834
 Average Precision  (AP) @[ IoU=0.75      | area=   all | maxDets=100 ] = 0.60178
 Average Precision  (AP) @[ IoU=0.50:0.95 | area= small | maxDets=100 ] = 0.38406
 Average Precision  (AP) @[ IoU=0.50:0.95 | area=medium | maxDets=100 ] = 0.61494
 Average Precision  (AP) @[ IoU=0.50:0.95 | area= large | maxDets=100 ] = 0.69304
 Average Recall     (AR) @[ IoU=0.50:0.95 | area=   all | maxDets=  1 ] = 0.38968
 Average Recall     (AR) @[ IoU=0.50:0.95 | area=   all | maxDets= 10 ] = 0.66571
 Average Recall     (AR) @[ IoU=0.50:0.95 | area=   all | maxDets=100 ] = 0.74399
 Average Recall     (AR) @[ IoU=0.50:0.95 | area= small | maxDets=100 ] = 0.57693
 Average Recall     (AR) @[ IoU=0.50:0.95 | area=medium | maxDets=100 ] = 0.80315
 Average Recall     (AR) @[ IoU=0.50:0.95 | area= large | maxDets=100 ] = 0.86085
500,8,71.8,0.5478,0.7283,0.6018,0.7053,107.69,75.95,705.29,75950.63,454838
NOTE! Installing ujson may make loading annotations faster.
Loading model K=1000, threads=9...
Load PResNet50 state_dict
Loading COCO dataset...
Loading annotations into memory...
Done (t=0.15s)
Creating index...
index created!
Processing 1000 images...
  Progress: 0/1000 images...
  Progress: 100/1000 images...
  Progress: 200/1000 images...
  Progress: 300/1000 images...
  Progress: 400/1000 images...
  Progress: 500/1000 images...
  Progress: 600/1000 images...
  Progress: 700/1000 images...
  Progress: 800/1000 images...
  Progress: 900/1000 images...
Calculating mAP...
Loading and preparing results...
DONE (t=1.04s)
Creating index...
index created!
Running per image evaluation...
Evaluate annotation type *bbox*
DONE (t=8.36s).
Accumulating evaluation results...
DONE (t=2.40s).
 Average Precision  (AP) @[ IoU=0.50:0.95 | area=   all | maxDets=100 ] = 0.54716
 Average Precision  (AP) @[ IoU=0.50      | area=   all | maxDets=100 ] = 0.72746
 Average Precision  (AP) @[ IoU=0.75      | area=   all | maxDets=100 ] = 0.60214
 Average Precision  (AP) @[ IoU=0.50:0.95 | area= small | maxDets=100 ] = 0.39667
 Average Precision  (AP) @[ IoU=0.50:0.95 | area=medium | maxDets=100 ] = 0.61564
 Average Precision  (AP) @[ IoU=0.50:0.95 | area= large | maxDets=100 ] = 0.69114
 Average Recall     (AR) @[ IoU=0.50:0.95 | area=   all | maxDets=  1 ] = 0.38937
 Average Recall     (AR) @[ IoU=0.50:0.95 | area=   all | maxDets= 10 ] = 0.66656
 Average Recall     (AR) @[ IoU=0.50:0.95 | area=   all | maxDets=100 ] = 0.75025
 Average Recall     (AR) @[ IoU=0.50:0.95 | area= small | maxDets=100 ] = 0.59530
 Average Recall     (AR) @[ IoU=0.50:0.95 | area=medium | maxDets=100 ] = 0.80982
 Average Recall     (AR) @[ IoU=0.50:0.95 | area= large | maxDets=100 ] = 0.86552
1000,9,78.7,0.5472,0.7275,0.6021,0.7867,118.07,92.89,786.73,92892.32,866174
NOTE! Installing ujson may make loading annotations faster.
Loading model K=1500, threads=10...
Load PResNet50 state_dict
Loading COCO dataset...
Loading annotations into memory...
Done (t=0.15s)
Creating index...
index created!
Processing 1000 images...
  Progress: 0/1000 images...
  Progress: 100/1000 images...
  Progress: 200/1000 images...
  Progress: 300/1000 images...
  Progress: 400/1000 images...
  Progress: 500/1000 images...
  Progress: 600/1000 images...
  Progress: 700/1000 images...
  Progress: 800/1000 images...
  Progress: 900/1000 images...
Calculating mAP...
Loading and preparing results...
DONE (t=1.69s)
Creating index...
index created!
Running per image evaluation...
Evaluate annotation type *bbox*
DONE (t=9.36s).
Accumulating evaluation results...
DONE (t=2.98s).
 Average Precision  (AP) @[ IoU=0.50:0.95 | area=   all | maxDets=100 ] = 0.54516
 Average Precision  (AP) @[ IoU=0.50      | area=   all | maxDets=100 ] = 0.72460
 Average Precision  (AP) @[ IoU=0.75      | area=   all | maxDets=100 ] = 0.59988
 Average Precision  (AP) @[ IoU=0.50:0.95 | area= small | maxDets=100 ] = 0.39486
 Average Precision  (AP) @[ IoU=0.50:0.95 | area=medium | maxDets=100 ] = 0.61378
 Average Precision  (AP) @[ IoU=0.50:0.95 | area= large | maxDets=100 ] = 0.69027
 Average Recall     (AR) @[ IoU=0.50:0.95 | area=   all | maxDets=  1 ] = 0.38914
 Average Recall     (AR) @[ IoU=0.50:0.95 | area=   all | maxDets= 10 ] = 0.66671
 Average Recall     (AR) @[ IoU=0.50:0.95 | area=   all | maxDets=100 ] = 0.75277
 Average Recall     (AR) @[ IoU=0.50:0.95 | area= small | maxDets=100 ] = 0.59879
 Average Recall     (AR) @[ IoU=0.50:0.95 | area=medium | maxDets=100 ] = 0.81504
 Average Recall     (AR) @[ IoU=0.50:0.95 | area= large | maxDets=100 ] = 0.86848
1500,10,88.2,0.5452,0.7246,0.5999,0.9197,132.23,121.62,919.74,121619.35,1250195
